{
  "stats": {
    "submitted": 55,
    "finished": 55,
    "running": 0
  },
  "data": [
    [
      1,
      null,
      1791095845,
      null,
      1.0,
      0.0003876686096191406,
      1,
      1753124637.1513393,
      1753124637.1523833,
      {}
    ],
    [
      2,
      null,
      1791095845,
      null,
      1.0,
      0.00022482872009277344,
      1,
      1753124637.1539981,
      1753124637.1548874,
      {}
    ],
    [
      3,
      null,
      1791095845,
      null,
      1.0,
      0.00029659271240234375,
      1,
      1753124637.1567216,
      1753124637.1578155,
      {}
    ],
    [
      4,
      null,
      1791095845,
      null,
      1.0,
      0.0003058910369873047,
      1,
      1753124637.1610224,
      1753124637.1620982,
      {}
    ],
    [
      5,
      null,
      1791095845,
      null,
      1.0,
      0.0003314018249511719,
      1,
      1753124637.1639264,
      1753124637.1650097,
      {}
    ],
    [
      6,
      null,
      1791095845,
      null,
      1.0,
      0.0003376007080078125,
      1,
      1753124637.1668806,
      1753124637.1679866,
      {}
    ],
    [
      7,
      null,
      1791095845,
      null,
      1.0,
      0.000286102294921875,
      1,
      1753124637.169908,
      1753124637.1709707,
      {}
    ],
    [
      8,
      null,
      1791095845,
      null,
      1.0,
      0.0003554821014404297,
      1,
      1753124637.1729283,
      1753124637.174052,
      {}
    ],
    [
      9,
      null,
      1791095845,
      null,
      1.0,
      0.0003390312194824219,
      1,
      1753124637.176103,
      1753124637.1772509,
      {}
    ],
    [
      10,
      null,
      1791095845,
      null,
      1.0,
      0.0003287792205810547,
      1,
      1753124637.1794555,
      1753124637.1805537,
      {}
    ],
    [
      11,
      null,
      1791095845,
      null,
      1.0,
      0.00033473968505859375,
      1,
      1753124637.182744,
      1753124637.1838863,
      {}
    ],
    [
      12,
      null,
      1791095845,
      null,
      1.0,
      0.0002894401550292969,
      1,
      1753124637.1860135,
      1753124637.1870697,
      {}
    ],
    [
      13,
      null,
      1791095845,
      null,
      1.0,
      0.00035834312438964844,
      1,
      1753124637.1890361,
      1753124637.1901062,
      {}
    ],
    [
      14,
      null,
      1791095845,
      null,
      1.0,
      0.00032782554626464844,
      1,
      1753124637.1922493,
      1753124637.1932888,
      {}
    ],
    [
      15,
      null,
      1791095845,
      null,
      1.0,
      0.0003254413604736328,
      1,
      1753124637.1954505,
      1753124637.1964865,
      {}
    ],
    [
      16,
      null,
      1791095845,
      null,
      1.0,
      0.0003266334533691406,
      1,
      1753124637.1987517,
      1753124637.199821,
      {}
    ],
    [
      17,
      null,
      1791095845,
      null,
      1.0,
      0.0004031658172607422,
      1,
      1753124637.2021499,
      1753124637.2033427,
      {}
    ],
    [
      18,
      null,
      1791095845,
      null,
      1.0,
      0.0003342628479003906,
      1,
      1753124637.2054617,
      1753124637.2065566,
      {}
    ],
    [
      19,
      null,
      1791095845,
      null,
      1.0,
      0.0003643035888671875,
      1,
      1753124637.2087407,
      1753124637.209863,
      {}
    ],
    [
      20,
      null,
      1791095845,
      null,
      1.0,
      0.0003314018249511719,
      1,
      1753124637.2121944,
      1753124637.2132378,
      {}
    ],
    [
      21,
      null,
      1791095845,
      null,
      1.0,
      0.0003292560577392578,
      1,
      1753124637.2155466,
      1753124637.2165842,
      {}
    ],
    [
      22,
      null,
      1791095845,
      null,
      1.0,
      0.0003314018249511719,
      1,
      1753124637.2191005,
      1753124637.220139,
      {}
    ],
    [
      23,
      null,
      1791095845,
      null,
      1.0,
      0.0003285408020019531,
      1,
      1753124637.2227824,
      1753124637.2238665,
      {}
    ],
    [
      24,
      null,
      1791095845,
      null,
      1.0,
      0.0003371238708496094,
      1,
      1753124637.2263463,
      1753124637.2274785,
      {}
    ],
    [
      25,
      null,
      1791095845,
      null,
      1.0,
      0.0002911090850830078,
      1,
      1753124637.2300775,
      1753124637.2311513,
      {}
    ],
    [
      26,
      null,
      1791095845,
      null,
      1.0,
      0.00029540061950683594,
      1,
      1753124637.2336922,
      1753124637.2348213,
      {}
    ],
    [
      27,
      null,
      1791095845,
      null,
      1.0,
      0.00034308433532714844,
      1,
      1753124637.2373254,
      1753124637.2384286,
      {}
    ],
    [
      28,
      null,
      1791095845,
      null,
      1.0,
      0.0003654956817626953,
      1,
      1753124637.2409797,
      1753124637.2420537,
      {}
    ],
    [
      29,
      null,
      1791095845,
      null,
      1.0,
      0.0003349781036376953,
      1,
      1753124637.2446406,
      1753124637.2456827,
      {}
    ],
    [
      30,
      null,
      1791095845,
      null,
      1.0,
      0.0003268718719482422,
      1,
      1753124637.2484024,
      1753124637.2494388,
      {}
    ],
    [
      31,
      null,
      1791095845,
      null,
      1.0,
      0.00032830238342285156,
      1,
      1753124637.252121,
      1753124637.253155,
      {}
    ],
    [
      32,
      null,
      1791095845,
      null,
      1.0,
      0.0003294944763183594,
      1,
      1753124637.255784,
      1753124637.2568212,
      {}
    ],
    [
      33,
      null,
      1791095845,
      null,
      1.0,
      0.00032830238342285156,
      1,
      1753124637.259525,
      1753124637.2605608,
      {}
    ],
    [
      34,
      null,
      1791095845,
      null,
      1.0,
      0.00032973289489746094,
      1,
      1753124637.263299,
      1753124637.264336,
      {}
    ],
    [
      35,
      null,
      1791095845,
      null,
      1.0,
      0.0003314018249511719,
      1,
      1753124637.2671466,
      1753124637.2681859,
      {}
    ],
    [
      36,
      null,
      1791095845,
      null,
      1.0,
      0.0003292560577392578,
      1,
      1753124637.2710228,
      1753124637.2720544,
      {}
    ],
    [
      37,
      null,
      1791095845,
      null,
      1.0,
      0.00033164024353027344,
      1,
      1753124637.2748675,
      1753124637.275935,
      {}
    ],
    [
      38,
      null,
      1791095845,
      null,
      1.0,
      0.00034165382385253906,
      1,
      1753124637.2789347,
      1753124637.2800553,
      {}
    ],
    [
      39,
      null,
      1791095845,
      null,
      1.0,
      0.0003311634063720703,
      1,
      1753124637.282933,
      1753124637.2839932,
      {}
    ],
    [
      40,
      null,
      1791095845,
      null,
      1.0,
      0.00041985511779785156,
      1,
      1753124637.286908,
      1753124637.288108,
      {}
    ],
    [
      41,
      null,
      1791095845,
      null,
      1.0,
      0.0003452301025390625,
      1,
      1753124637.291335,
      1753124637.2924433,
      {}
    ],
    [
      42,
      null,
      1791095845,
      null,
      1.0,
      0.00041747093200683594,
      1,
      1753124637.2954547,
      1753124637.2966049,
      {}
    ],
    [
      43,
      null,
      1791095845,
      null,
      1.0,
      0.00042176246643066406,
      1,
      1753124637.3000083,
      1753124637.301194,
      {}
    ],
    [
      44,
      null,
      1791095845,
      null,
      1.0,
      0.00037932395935058594,
      1,
      1753124637.4141352,
      1753124637.4152682,
      {}
    ],
    [
      45,
      null,
      1791095845,
      null,
      1.0,
      0.000347137451171875,
      1,
      1753124637.418256,
      1753124637.4193628,
      {}
    ],
    [
      46,
      null,
      1791095845,
